lower_threshold,upper_threshold
0.08393010463778723,0.25098769176815966
